model,dataset,kind,level,mean_ratio,std_ratio,n,mean_ratio_healthy,std_ratio_healthy
CeNN_AMS-Anc,ETTh1,dead,1,1.42090,0.31220,9,0.99825,0.00473
CeNN_AMS-Anc,ETTh1,dead,2,1.80667,0.42452,9,0.99570,0.00612
CeNN_AMS-Anc,ETTh1,gauss,0.1,1.00179,0.00152,9,,
CeNN_AMS-Anc,ETTh1,gauss,0.25,1.01050,0.00786,9,,
CeNN_AMS-Anc,ETTh1,gauss,0.5,1.04606,0.02674,9,,
CeNN_AMS-Anc,ETTh1,gauss,1.0,1.20238,0.09411,9,,
CeNN_AMS-Anc,ETTh1,mask,16,1.06560,0.02211,9,,
CeNN_AMS-Anc,ETTh1,mask,48,1.09439,0.02575,9,,
CeNN_AMS-Anc,ETTh1,mask,96,1.11821,0.02287,9,,
CeNN_AMS-Anc,ETTh1,scale,0.1,1.04141,0.00851,9,,
CeNN_AMS-Anc,ETTh1,scale,0.25,1.18363,0.03047,9,,
CeNN_AMS-Anc,ETTh1,scale,0.5,1.63406,0.09352,9,,
CeNN_AMS-Anc,ETTh1,shift,0.5,1.59033,0.14610,9,,
CeNN_AMS-Anc,ETTh1,shift,1.0,3.61171,0.40075,9,,
CeNN_AMS-Anc,ETTh1,shift,2.0,11.94768,1.25793,9,,
CeNN_AMS-Anc,ETTh1,spike,0.01,1.09058,0.04048,9,,
CeNN_AMS-Anc,ETTh1,spike,0.03,1.28533,0.12305,9,,
CeNN_AMS-Anc,ETTh1,spike,0.05,1.46117,0.19856,9,,
CeNN_AMS-Anc,ETTh2,dead,1,1.47434,0.39439,9,1.00456,0.02090
CeNN_AMS-Anc,ETTh2,dead,2,3.18907,1.07770,9,1.00639,0.02127
CeNN_AMS-Anc,ETTh2,gauss,0.1,1.00353,0.00408,9,,
CeNN_AMS-Anc,ETTh2,gauss,0.25,1.02213,0.01983,9,,
CeNN_AMS-Anc,ETTh2,gauss,0.5,1.09413,0.07019,9,,
CeNN_AMS-Anc,ETTh2,gauss,1.0,1.41810,0.26345,9,,
CeNN_AMS-Anc,ETTh2,mask,16,1.30786,0.16705,9,,
CeNN_AMS-Anc,ETTh2,mask,48,1.37804,0.12050,9,,
CeNN_AMS-Anc,ETTh2,mask,96,1.45334,0.10775,9,,
CeNN_AMS-Anc,ETTh2,scale,0.1,1.12149,0.00974,9,,
CeNN_AMS-Anc,ETTh2,scale,0.25,1.53447,0.07137,9,,
CeNN_AMS-Anc,ETTh2,scale,0.5,2.83996,0.30662,9,,
CeNN_AMS-Anc,ETTh2,shift,0.5,1.71745,0.23197,9,,
CeNN_AMS-Anc,ETTh2,shift,1.0,4.13713,0.78475,9,,
CeNN_AMS-Anc,ETTh2,shift,2.0,14.08317,2.86502,9,,
CeNN_AMS-Anc,ETTh2,spike,0.01,1.23611,0.15011,9,,
CeNN_AMS-Anc,ETTh2,spike,0.03,1.69200,0.43781,9,,
CeNN_AMS-Anc,ETTh2,spike,0.05,2.14008,0.70827,9,,
CeNN_AMS-Anc,ETTm1,dead,1,1.51823,0.37834,9,0.99798,0.00206
CeNN_AMS-Anc,ETTm1,dead,2,1.95912,0.53207,9,0.99728,0.00190
CeNN_AMS-Anc,ETTm1,gauss,0.1,1.00254,0.00171,9,,
CeNN_AMS-Anc,ETTm1,gauss,0.25,1.01651,0.00921,9,,
CeNN_AMS-Anc,ETTm1,gauss,0.5,1.06751,0.03543,9,,
CeNN_AMS-Anc,ETTm1,gauss,1.0,1.26970,0.13684,9,,
CeNN_AMS-Anc,ETTm1,mask,16,1.11100,0.05481,9,,
CeNN_AMS-Anc,ETTm1,mask,48,1.11854,0.05558,9,,
CeNN_AMS-Anc,ETTm1,mask,96,1.12149,0.05421,9,,
CeNN_AMS-Anc,ETTm1,scale,0.1,1.05527,0.00189,9,,
CeNN_AMS-Anc,ETTm1,scale,0.25,1.23655,0.02023,9,,
CeNN_AMS-Anc,ETTm1,scale,0.5,1.80101,0.09455,9,,
CeNN_AMS-Anc,ETTm1,shift,0.5,1.81051,0.12559,9,,
CeNN_AMS-Anc,ETTm1,shift,1.0,4.26740,0.48471,9,,
CeNN_AMS-Anc,ETTm1,shift,2.0,14.12034,1.90379,9,,
CeNN_AMS-Anc,ETTm1,spike,0.01,1.11709,0.05865,9,,
CeNN_AMS-Anc,ETTm1,spike,0.03,1.34499,0.17062,9,,
CeNN_AMS-Anc,ETTm1,spike,0.05,1.56028,0.27953,9,,
CeNN_AMS-Anc,ETTm2,dead,1,1.74101,0.62337,9,0.99386,0.01162
CeNN_AMS-Anc,ETTm2,dead,2,4.20711,1.87551,9,0.98374,0.01628
CeNN_AMS-Anc,ETTm2,gauss,0.1,1.00551,0.00378,9,,
CeNN_AMS-Anc,ETTm2,gauss,0.25,1.03717,0.02719,9,,
CeNN_AMS-Anc,ETTm2,gauss,0.5,1.18032,0.13923,9,,
CeNN_AMS-Anc,ETTm2,gauss,1.0,1.94999,0.76535,9,,
CeNN_AMS-Anc,ETTm2,mask,16,1.68373,0.40196,9,,
CeNN_AMS-Anc,ETTm2,mask,48,1.82554,0.39147,9,,
CeNN_AMS-Anc,ETTm2,mask,96,1.84185,0.35391,9,,
CeNN_AMS-Anc,ETTm2,scale,0.1,1.15861,0.02691,9,,
CeNN_AMS-Anc,ETTm2,scale,0.25,1.73879,0.19651,9,,
CeNN_AMS-Anc,ETTm2,scale,0.5,3.60878,0.82889,9,,
CeNN_AMS-Anc,ETTm2,shift,0.5,2.16098,0.39361,9,,
CeNN_AMS-Anc,ETTm2,shift,1.0,5.69236,1.59397,9,,
CeNN_AMS-Anc,ETTm2,shift,2.0,19.86638,6.41612,9,,
CeNN_AMS-Anc,ETTm2,spike,0.01,1.52808,0.35947,9,,
CeNN_AMS-Anc,ETTm2,spike,0.03,2.54295,1.05879,9,,
CeNN_AMS-Anc,ETTm2,spike,0.05,3.49235,1.72586,9,,
CeNN_AMS-Anc,Weather,dead,1,1.03311,0.04488,9,0.99969,0.00102
CeNN_AMS-Anc,Weather,dead,2,1.12703,0.08892,9,0.99946,0.00199
CeNN_AMS-Anc,Weather,gauss,0.1,1.00368,0.00334,9,,
CeNN_AMS-Anc,Weather,gauss,0.25,1.02036,0.01619,9,,
CeNN_AMS-Anc,Weather,gauss,0.5,1.06461,0.04645,9,,
CeNN_AMS-Anc,Weather,gauss,1.0,1.19280,0.13779,9,,
CeNN_AMS-Anc,Weather,mask,16,1.07953,0.07553,9,,
CeNN_AMS-Anc,Weather,mask,48,1.11965,0.09107,9,,
CeNN_AMS-Anc,Weather,mask,96,1.12420,0.09469,9,,
CeNN_AMS-Anc,Weather,scale,0.1,1.04818,0.00169,9,,
CeNN_AMS-Anc,Weather,scale,0.25,1.20394,0.02438,9,,
CeNN_AMS-Anc,Weather,scale,0.5,1.68200,0.13877,9,,
CeNN_AMS-Anc,Weather,shift,0.5,2.25318,0.32586,9,,
CeNN_AMS-Anc,Weather,shift,1.0,5.69593,1.29080,9,,
CeNN_AMS-Anc,Weather,shift,2.0,19.15019,5.13902,9,,
CeNN_AMS-Anc,Weather,spike,0.01,1.07618,0.05534,9,,
CeNN_AMS-Anc,Weather,spike,0.03,1.21278,0.15600,9,,
CeNN_AMS-Anc,Weather,spike,0.05,1.35217,0.25501,9,,
CeNN_C1C2-Skip-K2,ETTh1,dead,1,1.44433,0.41512,9,1.03102,0.10374
CeNN_C1C2-Skip-K2,ETTh1,dead,2,1.87322,0.53704,9,1.11430,0.28503
CeNN_C1C2-Skip-K2,ETTh1,gauss,0.1,0.99961,0.00175,9,,
CeNN_C1C2-Skip-K2,ETTh1,gauss,0.25,1.00639,0.00798,9,,
CeNN_C1C2-Skip-K2,ETTh1,gauss,0.5,1.03753,0.02911,9,,
CeNN_C1C2-Skip-K2,ETTh1,gauss,1.0,1.15773,0.06163,9,,
CeNN_C1C2-Skip-K2,ETTh1,mask,16,1.06823,0.02374,9,,
CeNN_C1C2-Skip-K2,ETTh1,mask,48,1.07608,0.02010,9,,
CeNN_C1C2-Skip-K2,ETTh1,mask,96,1.11411,0.01722,9,,
CeNN_C1C2-Skip-K2,ETTh1,scale,0.1,1.04903,0.00703,9,,
CeNN_C1C2-Skip-K2,ETTh1,scale,0.25,1.19879,0.00987,9,,
CeNN_C1C2-Skip-K2,ETTh1,scale,0.5,1.65163,0.03331,9,,
CeNN_C1C2-Skip-K2,ETTh1,shift,0.5,1.48268,0.15809,9,,
CeNN_C1C2-Skip-K2,ETTh1,shift,1.0,3.30800,0.49430,9,,
CeNN_C1C2-Skip-K2,ETTh1,shift,2.0,10.98652,1.71902,9,,
CeNN_C1C2-Skip-K2,ETTh1,spike,0.01,1.39318,0.29403,9,,
CeNN_C1C2-Skip-K2,ETTh1,spike,0.03,1.67582,0.54251,9,,
CeNN_C1C2-Skip-K2,ETTh1,spike,0.05,1.73487,0.53848,9,,
CeNN_C1C2-Skip-K2,ETTh2,dead,1,1.95255,0.72722,9,1.24644,0.18994
CeNN_C1C2-Skip-K2,ETTh2,dead,2,3.85542,2.20741,9,1.79423,0.70324
CeNN_C1C2-Skip-K2,ETTh2,gauss,0.1,1.00340,0.00192,9,,
CeNN_C1C2-Skip-K2,ETTh2,gauss,0.25,1.01488,0.00649,9,,
CeNN_C1C2-Skip-K2,ETTh2,gauss,0.5,1.04881,0.01982,9,,
CeNN_C1C2-Skip-K2,ETTh2,gauss,1.0,1.18534,0.06679,9,,
CeNN_C1C2-Skip-K2,ETTh2,mask,16,1.25400,0.10131,9,,
CeNN_C1C2-Skip-K2,ETTh2,mask,48,1.36550,0.12291,9,,
CeNN_C1C2-Skip-K2,ETTh2,mask,96,1.47254,0.13533,9,,
CeNN_C1C2-Skip-K2,ETTh2,scale,0.1,1.10850,0.01839,9,,
CeNN_C1C2-Skip-K2,ETTh2,scale,0.25,1.51165,0.09324,9,,
CeNN_C1C2-Skip-K2,ETTh2,scale,0.5,2.82461,0.34845,9,,
CeNN_C1C2-Skip-K2,ETTh2,shift,0.5,1.83616,0.15418,9,,
CeNN_C1C2-Skip-K2,ETTh2,shift,1.0,4.33911,0.60282,9,,
CeNN_C1C2-Skip-K2,ETTh2,shift,2.0,14.34536,2.39989,9,,
CeNN_C1C2-Skip-K2,ETTh2,spike,0.01,14.66884,17.05353,9,,
CeNN_C1C2-Skip-K2,ETTh2,spike,0.03,1.48172,0.24304,9,,
CeNN_C1C2-Skip-K2,ETTh2,spike,0.05,1.59150,0.25334,9,,
CeNN_C1C2-Skip-K2,ETTm1,dead,1,1.50154,0.37077,9,1.00057,0.00156
CeNN_C1C2-Skip-K2,ETTm1,dead,2,1.93679,0.51216,9,1.00266,0.00770
CeNN_C1C2-Skip-K2,ETTm1,gauss,0.1,1.00131,0.00082,9,,
CeNN_C1C2-Skip-K2,ETTm1,gauss,0.25,1.00802,0.00323,9,,
CeNN_C1C2-Skip-K2,ETTm1,gauss,0.5,1.03146,0.01085,9,,
CeNN_C1C2-Skip-K2,ETTm1,gauss,1.0,1.12361,0.04053,9,,
CeNN_C1C2-Skip-K2,ETTm1,mask,16,1.09714,0.04683,9,,
CeNN_C1C2-Skip-K2,ETTm1,mask,48,1.11219,0.05037,9,,
CeNN_C1C2-Skip-K2,ETTm1,mask,96,1.09525,0.04073,9,,
CeNN_C1C2-Skip-K2,ETTm1,scale,0.1,1.05146,0.00176,9,,
CeNN_C1C2-Skip-K2,ETTm1,scale,0.25,1.22338,0.01874,9,,
CeNN_C1C2-Skip-K2,ETTm1,scale,0.5,1.76254,0.08664,9,,
CeNN_C1C2-Skip-K2,ETTm1,shift,0.5,1.70530,0.11649,9,,
CeNN_C1C2-Skip-K2,ETTm1,shift,1.0,4.00581,0.43773,9,,
CeNN_C1C2-Skip-K2,ETTm1,shift,2.0,13.39246,1.69879,9,,
CeNN_C1C2-Skip-K2,ETTm1,spike,0.01,1.11299,0.02042,9,,
CeNN_C1C2-Skip-K2,ETTm1,spike,0.03,1.21656,0.03124,9,,
CeNN_C1C2-Skip-K2,ETTm1,spike,0.05,1.32836,0.06351,9,,
CeNN_C1C2-Skip-K2,ETTm2,dead,1,1.79820,0.64934,9,1.00134,0.00863
CeNN_C1C2-Skip-K2,ETTm2,dead,2,4.45563,1.95332,9,1.01314,0.03199
CeNN_C1C2-Skip-K2,ETTm2,gauss,0.1,1.00074,0.00545,9,,
CeNN_C1C2-Skip-K2,ETTm2,gauss,0.25,1.01644,0.00806,9,,
CeNN_C1C2-Skip-K2,ETTm2,gauss,0.5,1.07092,0.01937,9,,
CeNN_C1C2-Skip-K2,ETTm2,gauss,1.0,1.27711,0.07428,9,,
CeNN_C1C2-Skip-K2,ETTm2,mask,16,1.42501,0.27474,9,,
CeNN_C1C2-Skip-K2,ETTm2,mask,48,1.56788,0.35884,9,,
CeNN_C1C2-Skip-K2,ETTm2,mask,96,1.60788,0.38220,9,,
CeNN_C1C2-Skip-K2,ETTm2,scale,0.1,1.16471,0.02945,9,,
CeNN_C1C2-Skip-K2,ETTm2,scale,0.25,1.77506,0.19804,9,,
CeNN_C1C2-Skip-K2,ETTm2,scale,0.5,3.76105,0.81406,9,,
CeNN_C1C2-Skip-K2,ETTm2,shift,0.5,2.13231,0.39221,9,,
CeNN_C1C2-Skip-K2,ETTm2,shift,1.0,5.66561,1.60565,9,,
CeNN_C1C2-Skip-K2,ETTm2,shift,2.0,19.93523,6.49878,9,,
CeNN_C1C2-Skip-K2,ETTm2,spike,0.01,1.46498,0.24120,9,,
CeNN_C1C2-Skip-K2,ETTm2,spike,0.03,1.73704,0.32150,9,,
CeNN_C1C2-Skip-K2,ETTm2,spike,0.05,1.95545,0.31276,9,,
CeNN_C1C2-Skip-K2,Weather,dead,1,1.08916,0.05015,9,0.99989,0.00093
CeNN_C1C2-Skip-K2,Weather,dead,2,1.17038,0.09473,9,0.99970,0.00127
CeNN_C1C2-Skip-K2,Weather,gauss,0.1,1.00112,0.00081,9,,
CeNN_C1C2-Skip-K2,Weather,gauss,0.25,1.00684,0.00486,9,,
CeNN_C1C2-Skip-K2,Weather,gauss,0.5,1.02741,0.01896,9,,
CeNN_C1C2-Skip-K2,Weather,gauss,1.0,1.11016,0.07413,9,,
CeNN_C1C2-Skip-K2,Weather,mask,16,1.11276,0.05833,9,,
CeNN_C1C2-Skip-K2,Weather,mask,48,1.14467,0.07153,9,,
CeNN_C1C2-Skip-K2,Weather,mask,96,1.15243,0.08024,9,,
CeNN_C1C2-Skip-K2,Weather,scale,0.1,0.99503,0.00240,9,,
CeNN_C1C2-Skip-K2,Weather,scale,0.25,1.04534,0.02705,9,,
CeNN_C1C2-Skip-K2,Weather,scale,0.5,1.28303,0.13987,9,,
CeNN_C1C2-Skip-K2,Weather,shift,0.5,2.11668,0.26295,9,,
CeNN_C1C2-Skip-K2,Weather,shift,1.0,5.04082,1.20552,9,,
CeNN_C1C2-Skip-K2,Weather,shift,2.0,15.41207,5.00745,9,,
CeNN_C1C2-Skip-K2,Weather,spike,0.01,1.04620,0.03061,9,,
CeNN_C1C2-Skip-K2,Weather,spike,0.03,1.13906,0.09288,9,,
CeNN_C1C2-Skip-K2,Weather,spike,0.05,1.23759,0.15656,9,,
CeNN_SkipOnly-Anc,ETTh1,dead,1,1.25378,0.10261,9,1.00000,0.00000
CeNN_SkipOnly-Anc,ETTh1,dead,2,1.63105,0.38557,9,1.00000,0.00000
CeNN_SkipOnly-Anc,ETTh1,gauss,0.1,1.00226,0.00108,9,,
CeNN_SkipOnly-Anc,ETTh1,gauss,0.25,1.01374,0.00539,9,,
CeNN_SkipOnly-Anc,ETTh1,gauss,0.5,1.05445,0.02040,9,,
CeNN_SkipOnly-Anc,ETTh1,gauss,1.0,1.21683,0.07997,9,,
CeNN_SkipOnly-Anc,ETTh1,mask,16,1.07853,0.01650,9,,
CeNN_SkipOnly-Anc,ETTh1,mask,48,1.09483,0.02237,9,,
CeNN_SkipOnly-Anc,ETTh1,mask,96,1.14463,0.03213,9,,
CeNN_SkipOnly-Anc,ETTh1,scale,0.1,1.04057,0.00828,9,,
CeNN_SkipOnly-Anc,ETTh1,scale,0.25,1.18233,0.03012,9,,
CeNN_SkipOnly-Anc,ETTh1,scale,0.5,1.63435,0.09323,9,,
CeNN_SkipOnly-Anc,ETTh1,shift,0.5,1.56893,0.17198,9,,
CeNN_SkipOnly-Anc,ETTh1,shift,1.0,3.57855,0.45412,9,,
CeNN_SkipOnly-Anc,ETTh1,shift,2.0,11.91985,1.36578,9,,
CeNN_SkipOnly-Anc,ETTh1,spike,0.01,1.09763,0.03256,9,,
CeNN_SkipOnly-Anc,ETTh1,spike,0.03,1.28141,0.10510,9,,
CeNN_SkipOnly-Anc,ETTh1,spike,0.05,1.44906,0.16363,9,,
CeNN_SkipOnly-Anc,ETTh2,dead,1,1.90074,1.21163,9,1.00000,0.00000
CeNN_SkipOnly-Anc,ETTh2,dead,2,3.67071,1.56496,9,1.00000,0.00000
CeNN_SkipOnly-Anc,ETTh2,gauss,0.1,1.00390,0.00236,9,,
CeNN_SkipOnly-Anc,ETTh2,gauss,0.25,1.02379,0.01310,9,,
CeNN_SkipOnly-Anc,ETTh2,gauss,0.5,1.09434,0.05113,9,,
CeNN_SkipOnly-Anc,ETTh2,gauss,1.0,1.37571,0.20272,9,,
CeNN_SkipOnly-Anc,ETTh2,mask,16,1.26909,0.14456,9,,
CeNN_SkipOnly-Anc,ETTh2,mask,48,1.32552,0.17708,9,,
CeNN_SkipOnly-Anc,ETTh2,mask,96,1.37994,0.16264,9,,
CeNN_SkipOnly-Anc,ETTh2,scale,0.1,1.12225,0.00807,9,,
CeNN_SkipOnly-Anc,ETTh2,scale,0.25,1.55146,0.06614,9,,
CeNN_SkipOnly-Anc,ETTh2,scale,0.5,2.92229,0.29380,9,,
CeNN_SkipOnly-Anc,ETTh2,shift,0.5,1.74046,0.23082,9,,
CeNN_SkipOnly-Anc,ETTh2,shift,1.0,4.21224,0.75449,9,,
CeNN_SkipOnly-Anc,ETTh2,shift,2.0,14.34974,2.69658,9,,
CeNN_SkipOnly-Anc,ETTh2,spike,0.01,1.16880,0.08755,9,,
CeNN_SkipOnly-Anc,ETTh2,spike,0.03,1.47670,0.25342,9,,
CeNN_SkipOnly-Anc,ETTh2,spike,0.05,1.78408,0.42810,9,,
CeNN_SkipOnly-Anc,ETTm1,dead,1,1.31860,0.15382,9,1.00000,0.00000
CeNN_SkipOnly-Anc,ETTm1,dead,2,1.75744,0.48850,9,1.00000,0.00000
CeNN_SkipOnly-Anc,ETTm1,gauss,0.1,1.00266,0.00141,9,,
CeNN_SkipOnly-Anc,ETTm1,gauss,0.25,1.01661,0.00857,9,,
CeNN_SkipOnly-Anc,ETTm1,gauss,0.5,1.06640,0.03411,9,,
CeNN_SkipOnly-Anc,ETTm1,gauss,1.0,1.26550,0.13621,9,,
CeNN_SkipOnly-Anc,ETTm1,mask,16,1.12990,0.05494,9,,
CeNN_SkipOnly-Anc,ETTm1,mask,48,1.13849,0.05228,9,,
CeNN_SkipOnly-Anc,ETTm1,mask,96,1.13053,0.04768,9,,
CeNN_SkipOnly-Anc,ETTm1,scale,0.1,1.05410,0.00117,9,,
CeNN_SkipOnly-Anc,ETTm1,scale,0.25,1.23462,0.01884,9,,
CeNN_SkipOnly-Anc,ETTm1,scale,0.5,1.80046,0.09164,9,,
CeNN_SkipOnly-Anc,ETTm1,shift,0.5,1.80070,0.11905,9,,
CeNN_SkipOnly-Anc,ETTm1,shift,1.0,4.24868,0.46760,9,,
CeNN_SkipOnly-Anc,ETTm1,shift,2.0,14.08649,1.85330,9,,
CeNN_SkipOnly-Anc,ETTm1,spike,0.01,1.11642,0.05855,9,,
CeNN_SkipOnly-Anc,ETTm1,spike,0.03,1.33922,0.17553,9,,
CeNN_SkipOnly-Anc,ETTm1,spike,0.05,1.56946,0.29968,9,,
CeNN_SkipOnly-Anc,ETTm2,dead,1,2.36446,1.80173,9,1.00000,0.00000
CeNN_SkipOnly-Anc,ETTm2,dead,2,4.93919,2.57486,9,1.00000,0.00000
CeNN_SkipOnly-Anc,ETTm2,gauss,0.1,1.00632,0.00424,9,,
CeNN_SkipOnly-Anc,ETTm2,gauss,0.25,1.03778,0.02496,9,,
CeNN_SkipOnly-Anc,ETTm2,gauss,0.5,1.14881,0.09808,9,,
CeNN_SkipOnly-Anc,ETTm2,gauss,1.0,1.59059,0.38900,9,,
CeNN_SkipOnly-Anc,ETTm2,mask,16,1.60575,0.36009,9,,
CeNN_SkipOnly-Anc,ETTm2,mask,48,1.66375,0.39238,9,,
CeNN_SkipOnly-Anc,ETTm2,mask,96,1.72611,0.42702,9,,
CeNN_SkipOnly-Anc,ETTm2,scale,0.1,1.14873,0.02912,9,,
CeNN_SkipOnly-Anc,ETTm2,scale,0.25,1.73222,0.19635,9,,
CeNN_SkipOnly-Anc,ETTm2,scale,0.5,3.66586,0.80476,9,,
CeNN_SkipOnly-Anc,ETTm2,shift,0.5,2.21391,0.39848,9,,
CeNN_SkipOnly-Anc,ETTm2,shift,1.0,5.85350,1.60182,9,,
CeNN_SkipOnly-Anc,ETTm2,shift,2.0,20.40975,6.42311,9,,
CeNN_SkipOnly-Anc,ETTm2,spike,0.01,1.25132,0.16549,9,,
CeNN_SkipOnly-Anc,ETTm2,spike,0.03,1.75426,0.49588,9,,
CeNN_SkipOnly-Anc,ETTm2,spike,0.05,2.27020,0.82897,9,,
CeNN_SkipOnly-Anc,Weather,dead,1,1.12351,0.09852,9,1.00000,0.00000
CeNN_SkipOnly-Anc,Weather,dead,2,1.17854,0.10834,9,1.00000,0.00000
CeNN_SkipOnly-Anc,Weather,gauss,0.1,1.00169,0.00154,9,,
CeNN_SkipOnly-Anc,Weather,gauss,0.25,1.01114,0.00935,9,,
CeNN_SkipOnly-Anc,Weather,gauss,0.5,1.04536,0.03727,9,,
CeNN_SkipOnly-Anc,Weather,gauss,1.0,1.18308,0.14900,9,,
CeNN_SkipOnly-Anc,Weather,mask,16,1.06143,0.06147,9,,
CeNN_SkipOnly-Anc,Weather,mask,48,1.08755,0.07823,9,,
CeNN_SkipOnly-Anc,Weather,mask,96,1.09882,0.07866,9,,
CeNN_SkipOnly-Anc,Weather,scale,0.1,1.05100,0.00120,9,,
CeNN_SkipOnly-Anc,Weather,scale,0.25,1.20633,0.02606,9,,
CeNN_SkipOnly-Anc,Weather,scale,0.5,1.67552,0.14242,9,,
CeNN_SkipOnly-Anc,Weather,shift,0.5,2.15216,0.28969,9,,
CeNN_SkipOnly-Anc,Weather,shift,1.0,5.45890,1.20448,9,,
CeNN_SkipOnly-Anc,Weather,shift,2.0,18.53610,4.90972,9,,
CeNN_SkipOnly-Anc,Weather,spike,0.01,1.08168,0.06535,9,,
CeNN_SkipOnly-Anc,Weather,spike,0.03,1.23292,0.19173,9,,
CeNN_SkipOnly-Anc,Weather,spike,0.05,1.39928,0.32008,9,,
DLinear,ETTh1,dead,1,1.39334,0.28953,9,1.00000,0.00000
DLinear,ETTh1,dead,2,1.73561,0.40277,9,1.00000,0.00000
DLinear,ETTh1,gauss,0.1,1.00301,0.00168,9,,
DLinear,ETTh1,gauss,0.25,1.01986,0.00700,9,,
DLinear,ETTh1,gauss,0.5,1.08083,0.02474,9,,
DLinear,ETTh1,gauss,1.0,1.32608,0.09414,9,,
DLinear,ETTh1,mask,16,1.09688,0.02062,9,,
DLinear,ETTh1,mask,48,1.10337,0.01329,9,,
DLinear,ETTh1,mask,96,1.14330,0.01989,9,,
DLinear,ETTh1,scale,0.1,1.00517,0.01552,9,,
DLinear,ETTh1,scale,0.25,1.07714,0.05521,9,,
DLinear,ETTh1,scale,0.5,1.36821,0.16527,9,,
DLinear,ETTh1,shift,0.5,1.38084,0.20802,9,,
DLinear,ETTh1,shift,1.0,2.71597,0.71780,9,,
DLinear,ETTh1,shift,2.0,8.24933,2.64367,9,,
DLinear,ETTh1,spike,0.01,1.13890,0.04031,9,,
DLinear,ETTh1,spike,0.03,1.41923,0.11876,9,,
DLinear,ETTh1,spike,0.05,1.70528,0.19282,9,,
DLinear,ETTh2,dead,1,1.37102,0.34380,9,1.00000,0.00000
DLinear,ETTh2,dead,2,2.67373,1.10072,9,1.00000,0.00000
DLinear,ETTh2,gauss,0.1,1.00464,0.00315,9,,
DLinear,ETTh2,gauss,0.25,1.02754,0.01657,9,,
DLinear,ETTh2,gauss,0.5,1.10560,0.06282,9,,
DLinear,ETTh2,gauss,1.0,1.41127,0.24516,9,,
DLinear,ETTh2,mask,16,1.38641,0.15652,9,,
DLinear,ETTh2,mask,48,1.42142,0.16770,9,,
DLinear,ETTh2,mask,96,1.47950,0.18304,9,,
DLinear,ETTh2,scale,0.1,0.91880,0.02774,9,,
DLinear,ETTh2,scale,0.25,0.92405,0.14533,9,,
DLinear,ETTh2,scale,0.5,1.26736,0.55275,9,,
DLinear,ETTh2,shift,0.5,1.80596,0.29037,9,,
DLinear,ETTh2,shift,1.0,3.46891,1.10897,9,,
DLinear,ETTh2,shift,2.0,9.36361,4.33956,9,,
DLinear,ETTh2,spike,0.01,1.17073,0.10132,9,,
DLinear,ETTh2,spike,0.03,1.53520,0.31958,9,,
DLinear,ETTh2,spike,0.05,1.86496,0.51429,9,,
DLinear,ETTm1,dead,1,1.51371,0.36333,9,1.00000,0.00000
DLinear,ETTm1,dead,2,1.94961,0.51242,9,1.00000,0.00000
DLinear,ETTm1,gauss,0.1,1.00393,0.00164,9,,
DLinear,ETTm1,gauss,0.25,1.02279,0.00914,9,,
DLinear,ETTm1,gauss,0.5,1.08883,0.03513,9,,
DLinear,ETTm1,gauss,1.0,1.35052,0.13779,9,,
DLinear,ETTm1,mask,16,1.13259,0.04874,9,,
DLinear,ETTm1,mask,48,1.14110,0.05080,9,,
DLinear,ETTm1,mask,96,1.11979,0.04089,9,,
DLinear,ETTm1,scale,0.1,1.02713,0.00712,9,,
DLinear,ETTm1,scale,0.25,1.15792,0.03589,9,,
DLinear,ETTm1,scale,0.5,1.61649,0.13221,9,,
DLinear,ETTm1,shift,0.5,1.67177,0.14578,9,,
DLinear,ETTm1,shift,1.0,3.73262,0.57468,9,,
DLinear,ETTm1,shift,2.0,12.02125,2.28188,9,,
DLinear,ETTm1,spike,0.01,1.14729,0.05967,9,,
DLinear,ETTm1,spike,0.03,1.44471,0.17616,9,,
DLinear,ETTm1,spike,0.05,1.75301,0.29269,9,,
DLinear,ETTm2,dead,1,1.73758,0.61314,9,1.00000,0.00000
DLinear,ETTm2,dead,2,4.17176,1.90004,9,1.00000,0.00000
DLinear,ETTm2,gauss,0.1,1.00728,0.00406,9,,
DLinear,ETTm2,gauss,0.25,1.04417,0.02355,9,,
DLinear,ETTm2,gauss,0.5,1.17301,0.09229,9,,
DLinear,ETTm2,gauss,1.0,1.68319,0.36557,9,,
DLinear,ETTm2,mask,16,1.72239,0.34350,9,,
DLinear,ETTm2,mask,48,1.83024,0.41646,9,,
DLinear,ETTm2,mask,96,1.82897,0.43066,9,,
DLinear,ETTm2,scale,0.1,0.97114,0.05313,9,,
DLinear,ETTm2,scale,0.25,1.21334,0.27038,9,,
DLinear,ETTm2,scale,0.5,2.37113,0.99818,9,,
DLinear,ETTm2,shift,0.5,2.35417,0.40945,9,,
DLinear,ETTm2,shift,1.0,5.60220,1.72362,9,,
DLinear,ETTm2,shift,2.0,17.78117,7.06814,9,,
DLinear,ETTm2,spike,0.01,1.28575,0.15613,9,,
DLinear,ETTm2,spike,0.03,1.87910,0.46959,9,,
DLinear,ETTm2,spike,0.05,2.45211,0.78536,9,,
DLinear,Weather,dead,1,1.09667,0.05080,9,1.00000,0.00000
DLinear,Weather,dead,2,1.18367,0.09793,9,1.00000,0.00000
DLinear,Weather,gauss,0.1,1.00206,0.00127,9,,
DLinear,Weather,gauss,0.25,1.01262,0.00763,9,,
DLinear,Weather,gauss,0.5,1.05027,0.03012,9,,
DLinear,Weather,gauss,1.0,1.20068,0.11969,9,,
DLinear,Weather,mask,16,1.11421,0.05898,9,,
DLinear,Weather,mask,48,1.14685,0.07315,9,,
DLinear,Weather,mask,96,1.15496,0.08226,9,,
DLinear,Weather,scale,0.1,0.99685,0.00126,9,,
DLinear,Weather,scale,0.25,1.05357,0.02747,9,,
DLinear,Weather,scale,0.5,1.31216,0.14393,9,,
DLinear,Weather,shift,0.5,1.99025,0.30502,9,,
DLinear,Weather,shift,1.0,4.59722,1.24489,9,,
DLinear,Weather,shift,2.0,14.66151,5.02934,9,,
DLinear,Weather,spike,0.01,1.08593,0.05100,9,,
DLinear,Weather,spike,0.03,1.25733,0.15353,9,,
DLinear,Weather,spike,0.05,1.43513,0.25838,9,,
PatchTST,ETTh1,dead,1,1.33184,0.28749,9,1.00000,0.00000
PatchTST,ETTh1,dead,2,1.62647,0.36550,9,1.00000,0.00000
PatchTST,ETTh1,gauss,0.1,0.99140,0.00602,9,,
PatchTST,ETTh1,gauss,0.25,0.98938,0.01624,9,,
PatchTST,ETTh1,gauss,0.5,1.05597,0.03275,9,,
PatchTST,ETTh1,gauss,1.0,1.50154,0.13316,9,,
PatchTST,ETTh1,mask,16,1.17375,0.05772,9,,
PatchTST,ETTh1,mask,48,1.21400,0.08887,9,,
PatchTST,ETTh1,mask,96,1.22388,0.06915,9,,
PatchTST,ETTh1,scale,0.1,1.07654,0.00747,9,,
PatchTST,ETTh1,scale,0.25,1.26567,0.01255,9,,
PatchTST,ETTh1,scale,0.5,1.77907,0.02350,9,,
PatchTST,ETTh1,shift,0.5,1.37817,0.11167,9,,
PatchTST,ETTh1,shift,1.0,2.93738,0.36133,9,,
PatchTST,ETTh1,shift,2.0,9.59895,1.30218,9,,
PatchTST,ETTh1,spike,0.01,1.90323,0.50598,9,,
PatchTST,ETTh1,spike,0.03,2.21544,0.48292,9,,
PatchTST,ETTh1,spike,0.05,2.48394,0.40100,9,,
PatchTST,ETTh2,dead,1,1.41588,0.34730,9,1.00000,0.00000
PatchTST,ETTh2,dead,2,2.90392,1.03658,9,1.00000,0.00000
PatchTST,ETTh2,gauss,0.1,0.90970,0.11569,9,,
PatchTST,ETTh2,gauss,0.25,0.92871,0.12812,9,,
PatchTST,ETTh2,gauss,0.5,1.10029,0.14461,9,,
PatchTST,ETTh2,gauss,1.0,2.00717,0.33416,9,,
PatchTST,ETTh2,mask,16,1.27459,0.22423,9,,
PatchTST,ETTh2,mask,48,1.28199,0.26517,9,,
PatchTST,ETTh2,mask,96,1.43332,0.29963,9,,
PatchTST,ETTh2,scale,0.1,1.13107,0.03890,9,,
PatchTST,ETTh2,scale,0.25,1.54400,0.07061,9,,
PatchTST,ETTh2,scale,0.5,2.80963,0.16931,9,,
PatchTST,ETTh2,shift,0.5,1.68414,0.31605,9,,
PatchTST,ETTh2,shift,1.0,3.81157,1.02598,9,,
PatchTST,ETTh2,shift,2.0,12.39633,3.63190,9,,
PatchTST,ETTh2,spike,0.01,57.11992,67.52313,9,,
PatchTST,ETTh2,spike,0.03,22.91759,24.86028,9,,
PatchTST,ETTh2,spike,0.05,14.14582,12.28969,9,,
PatchTST,ETTm1,dead,1,1.54638,0.38907,9,1.00000,0.00000
PatchTST,ETTm1,dead,2,1.99974,0.55395,9,1.00000,0.00000
PatchTST,ETTm1,gauss,0.1,1.00294,0.00244,9,,
PatchTST,ETTm1,gauss,0.25,1.02190,0.01110,9,,
PatchTST,ETTm1,gauss,0.5,1.10647,0.03322,9,,
PatchTST,ETTm1,gauss,1.0,1.50344,0.10360,9,,
PatchTST,ETTm1,mask,16,1.13373,0.04901,9,,
PatchTST,ETTm1,mask,48,1.14847,0.04090,9,,
PatchTST,ETTm1,mask,96,1.16176,0.05945,9,,
PatchTST,ETTm1,scale,0.1,1.04492,0.00323,9,,
PatchTST,ETTm1,scale,0.25,1.21277,0.02602,9,,
PatchTST,ETTm1,scale,0.5,1.76045,0.11473,9,,
PatchTST,ETTm1,shift,0.5,1.89665,0.11855,9,,
PatchTST,ETTm1,shift,1.0,4.50274,0.49234,9,,
PatchTST,ETTm1,shift,2.0,14.84319,2.02057,9,,
PatchTST,ETTm1,spike,0.01,1.38674,0.09582,9,,
PatchTST,ETTm1,spike,0.03,1.86125,0.17209,9,,
PatchTST,ETTm1,spike,0.05,2.30810,0.26811,9,,
PatchTST,ETTm2,dead,1,1.73697,0.60015,9,1.00000,0.00000
PatchTST,ETTm2,dead,2,4.19239,1.81860,9,1.00000,0.00000
PatchTST,ETTm2,gauss,0.1,0.99334,0.01070,9,,
PatchTST,ETTm2,gauss,0.25,1.01257,0.02619,9,,
PatchTST,ETTm2,gauss,0.5,1.12434,0.06304,9,,
PatchTST,ETTm2,gauss,1.0,1.57243,0.17399,9,,
PatchTST,ETTm2,mask,16,2.09806,0.25885,9,,
PatchTST,ETTm2,mask,48,2.58052,0.23308,9,,
PatchTST,ETTm2,mask,96,2.48833,0.24470,9,,
PatchTST,ETTm2,scale,0.1,1.11003,0.03045,9,,
PatchTST,ETTm2,scale,0.25,1.60682,0.19385,9,,
PatchTST,ETTm2,scale,0.5,3.31946,0.78514,9,,
PatchTST,ETTm2,shift,0.5,2.29763,0.36187,9,,
PatchTST,ETTm2,shift,1.0,5.90571,1.50074,9,,
PatchTST,ETTm2,shift,2.0,20.05320,6.11411,9,,
PatchTST,ETTm2,spike,0.01,2.43304,0.45173,9,,
PatchTST,ETTm2,spike,0.03,3.39027,0.68116,9,,
PatchTST,ETTm2,spike,0.05,3.75001,0.63132,9,,
PatchTST,Weather,dead,1,1.10033,0.05541,9,1.00000,0.00000
PatchTST,Weather,dead,2,1.19027,0.10616,9,1.00000,0.00000
PatchTST,Weather,gauss,0.1,1.00624,0.00516,9,,
PatchTST,Weather,gauss,0.25,1.03567,0.02503,9,,
PatchTST,Weather,gauss,0.5,1.12076,0.06664,9,,
PatchTST,Weather,gauss,1.0,1.38439,0.17604,9,,
PatchTST,Weather,mask,16,1.07324,0.07119,9,,
PatchTST,Weather,mask,48,1.10628,0.08379,9,,
PatchTST,Weather,mask,96,1.11540,0.09356,9,,
PatchTST,Weather,scale,0.1,1.05970,0.00433,9,,
PatchTST,Weather,scale,0.25,1.23429,0.03948,9,,
PatchTST,Weather,scale,0.5,1.75201,0.18159,9,,
PatchTST,Weather,shift,0.5,2.05592,0.27905,9,,
PatchTST,Weather,shift,1.0,5.34707,1.23090,9,,
PatchTST,Weather,shift,2.0,18.63508,5.18332,9,,
PatchTST,Weather,spike,0.01,1.15849,0.07608,9,,
PatchTST,Weather,spike,0.03,1.41303,0.23359,9,,
PatchTST,Weather,spike,0.05,1.66638,0.38477,9,,
TCN,ETTh1,dead,1,1.27077,0.27797,9,1.00000,0.00000
TCN,ETTh1,dead,2,1.53292,0.39497,9,1.00000,0.00000
TCN,ETTh1,gauss,0.1,0.99098,0.01161,9,,
TCN,ETTh1,gauss,0.25,0.96714,0.03847,9,,
TCN,ETTh1,gauss,0.5,1.00505,0.05020,9,,
TCN,ETTh1,gauss,1.0,1.50066,0.43140,9,,
TCN,ETTh1,mask,16,0.99153,0.06927,9,,
TCN,ETTh1,mask,48,0.98933,0.06220,9,,
TCN,ETTh1,mask,96,1.02357,0.06730,9,,
TCN,ETTh1,scale,0.1,1.09144,0.05641,9,,
TCN,ETTh1,scale,0.25,1.28289,0.14577,9,,
TCN,ETTh1,scale,0.5,1.73228,0.31702,9,,
TCN,ETTh1,shift,0.5,1.22090,0.18972,9,,
TCN,ETTh1,shift,1.0,2.19745,0.76286,9,,
TCN,ETTh1,shift,2.0,5.91793,3.36418,9,,
TCN,ETTh1,spike,0.01,1.11286,0.06964,9,,
TCN,ETTh1,spike,0.03,1.39774,0.23074,9,,
TCN,ETTh1,spike,0.05,1.77666,0.63497,9,,
TCN,ETTh2,dead,1,1.34461,0.33734,9,1.00000,0.00000
TCN,ETTh2,dead,2,2.44621,1.09355,9,1.00000,0.00000
TCN,ETTh2,gauss,0.1,1.00304,0.00465,9,,
TCN,ETTh2,gauss,0.25,1.03280,0.00891,9,,
TCN,ETTh2,gauss,0.5,1.15981,0.04958,9,,
TCN,ETTh2,gauss,1.0,2.19140,0.66911,9,,
TCN,ETTh2,mask,16,2.19713,0.79241,9,,
TCN,ETTh2,mask,48,1.77905,0.40451,9,,
TCN,ETTh2,mask,96,1.68558,0.34639,9,,
TCN,ETTh2,scale,0.1,1.02846,0.04933,9,,
TCN,ETTh2,scale,0.25,1.14346,0.06171,9,,
TCN,ETTh2,scale,0.5,1.47228,0.14576,9,,
TCN,ETTh2,shift,0.5,1.51363,0.43477,9,,
TCN,ETTh2,shift,1.0,2.92735,1.23017,9,,
TCN,ETTh2,shift,2.0,8.24392,4.19527,9,,
TCN,ETTh2,spike,0.01,1.47297,0.37216,9,,
TCN,ETTh2,spike,0.03,4.31261,5.25408,9,,
TCN,ETTh2,spike,0.05,9.11001,14.81664,9,,
TCN,ETTm1,dead,1,1.50689,0.38993,9,1.00000,0.00000
TCN,ETTm1,dead,2,1.94182,0.55107,9,1.00000,0.00000
TCN,ETTm1,gauss,0.1,1.00311,0.00181,9,,
TCN,ETTm1,gauss,0.25,1.03186,0.01451,9,,
TCN,ETTm1,gauss,0.5,1.43623,0.17981,9,,
TCN,ETTm1,gauss,1.0,5.78207,3.72169,9,,
TCN,ETTm1,mask,16,1.10209,0.04290,9,,
TCN,ETTm1,mask,48,1.12201,0.04701,9,,
TCN,ETTm1,mask,96,1.10549,0.04022,9,,
TCN,ETTm1,scale,0.1,1.02485,0.01129,9,,
TCN,ETTm1,scale,0.25,1.13805,0.04456,9,,
TCN,ETTm1,scale,0.5,1.52381,0.14612,9,,
TCN,ETTm1,shift,0.5,1.58590,0.11708,9,,
TCN,ETTm1,shift,1.0,3.51437,0.45644,9,,
TCN,ETTm1,shift,2.0,11.45556,1.97326,9,,
TCN,ETTm1,spike,0.01,1.95878,0.46067,9,,
TCN,ETTm1,spike,0.03,4.73134,2.13077,9,,
TCN,ETTm1,spike,0.05,8.41258,5.29042,9,,
TCN,ETTm2,dead,1,1.69104,0.56210,9,1.00000,0.00000
TCN,ETTm2,dead,2,3.93188,1.68101,9,1.00000,0.00000
TCN,ETTm2,gauss,0.1,1.00340,0.00339,9,,
TCN,ETTm2,gauss,0.25,1.03960,0.01682,9,,
TCN,ETTm2,gauss,0.5,1.31912,0.15523,9,,
TCN,ETTm2,gauss,1.0,2.70129,0.95860,9,,
TCN,ETTm2,mask,16,3.00921,0.20730,9,,
TCN,ETTm2,mask,48,2.45486,0.28928,9,,
TCN,ETTm2,mask,96,2.15593,0.33532,9,,
TCN,ETTm2,scale,0.1,0.95459,0.03190,9,,
TCN,ETTm2,scale,0.25,1.09705,0.19999,9,,
TCN,ETTm2,scale,0.5,1.89629,0.79264,9,,
TCN,ETTm2,shift,0.5,2.26181,0.40997,9,,
TCN,ETTm2,shift,1.0,5.23446,1.59290,9,,
TCN,ETTm2,shift,2.0,16.59527,6.33596,9,,
TCN,ETTm2,spike,0.01,1.78048,0.39330,9,,
TCN,ETTm2,spike,0.03,3.04157,0.66861,9,,
TCN,ETTm2,spike,0.05,3.96695,1.06790,9,,
TCN,Weather,dead,1,1.10205,0.05563,9,1.00000,0.00000
TCN,Weather,dead,2,1.19438,0.11181,9,1.00000,0.00000
TCN,Weather,gauss,0.1,1.00696,0.00302,9,,
TCN,Weather,gauss,0.25,1.04972,0.01561,9,,
TCN,Weather,gauss,0.5,1.26808,0.07593,9,,
TCN,Weather,gauss,1.0,1.83611,0.22627,9,,
TCN,Weather,mask,16,1.18563,0.12436,9,,
TCN,Weather,mask,48,1.18719,0.12300,9,,
TCN,Weather,mask,96,1.17859,0.12428,9,,
TCN,Weather,scale,0.1,1.01207,0.00844,9,,
TCN,Weather,scale,0.25,1.08011,0.05024,9,,
TCN,Weather,scale,0.5,1.30895,0.18968,9,,
TCN,Weather,shift,0.5,2.22242,0.35884,9,,
TCN,Weather,shift,1.0,5.21643,1.46476,9,,
TCN,Weather,shift,2.0,15.17082,5.98010,9,,
TCN,Weather,spike,0.01,1.12664,0.04057,9,,
TCN,Weather,spike,0.03,1.40350,0.12078,9,,
TCN,Weather,spike,0.05,1.66366,0.21394,9,,
TSMixer,ETTh1,dead,1,1.36689,0.31842,9,1.00371,0.02643
TSMixer,ETTh1,dead,2,1.70985,0.42620,9,1.01741,0.06270
TSMixer,ETTh1,gauss,0.1,1.00521,0.00500,9,,
TSMixer,ETTh1,gauss,0.25,1.02599,0.01494,9,,
TSMixer,ETTh1,gauss,0.5,1.09328,0.03176,9,,
TSMixer,ETTh1,gauss,1.0,1.34967,0.08215,9,,
TSMixer,ETTh1,mask,16,1.05214,0.03891,9,,
TSMixer,ETTh1,mask,48,1.09008,0.03525,9,,
TSMixer,ETTh1,mask,96,1.15336,0.04739,9,,
TSMixer,ETTh1,scale,0.1,1.05723,0.00684,9,,
TSMixer,ETTh1,scale,0.25,1.21648,0.00894,9,,
TSMixer,ETTh1,scale,0.5,1.67760,0.04763,9,,
TSMixer,ETTh1,shift,0.5,1.41434,0.21275,9,,
TSMixer,ETTh1,shift,1.0,3.09061,0.64942,9,,
TSMixer,ETTh1,shift,2.0,10.22892,2.19591,9,,
TSMixer,ETTh1,spike,0.01,1.14827,0.04768,9,,
TSMixer,ETTh1,spike,0.03,1.44347,0.12148,9,,
TSMixer,ETTh1,spike,0.05,1.73782,0.17058,9,,
TSMixer,ETTh2,dead,1,1.44604,0.35647,9,0.99878,0.00805
TSMixer,ETTh2,dead,2,3.09785,0.98042,9,1.00190,0.00810
TSMixer,ETTh2,gauss,0.1,1.00793,0.00388,9,,
TSMixer,ETTh2,gauss,0.25,1.05807,0.02073,9,,
TSMixer,ETTh2,gauss,0.5,1.25313,0.08449,9,,
TSMixer,ETTh2,gauss,1.0,2.14545,0.38432,9,,
TSMixer,ETTh2,mask,16,1.47594,0.27481,9,,
TSMixer,ETTh2,mask,48,1.66929,0.29329,9,,
TSMixer,ETTh2,mask,96,1.63689,0.19607,9,,
TSMixer,ETTh2,scale,0.1,1.13313,0.01201,9,,
TSMixer,ETTh2,scale,0.25,1.56865,0.04126,9,,
TSMixer,ETTh2,scale,0.5,2.92339,0.19947,9,,
TSMixer,ETTh2,shift,0.5,1.69643,0.21894,9,,
TSMixer,ETTh2,shift,1.0,3.96848,0.71445,9,,
TSMixer,ETTh2,shift,2.0,13.23944,2.55159,9,,
TSMixer,ETTh2,spike,0.01,1.40978,0.12866,9,,
TSMixer,ETTh2,spike,0.03,2.49813,0.45988,9,,
TSMixer,ETTh2,spike,0.05,3.64168,0.87214,9,,
TSMixer,ETTm1,dead,1,1.52538,0.37988,9,0.99963,0.00176
TSMixer,ETTm1,dead,2,1.96860,0.53494,9,1.00240,0.00171
TSMixer,ETTm1,gauss,0.1,1.00373,0.00122,9,,
TSMixer,ETTm1,gauss,0.25,1.02301,0.00698,9,,
TSMixer,ETTm1,gauss,0.5,1.09058,0.02757,9,,
TSMixer,ETTm1,gauss,1.0,1.35813,0.10971,9,,
TSMixer,ETTm1,mask,16,1.10519,0.05536,9,,
TSMixer,ETTm1,mask,48,1.11684,0.05722,9,,
TSMixer,ETTm1,mask,96,1.11207,0.04878,9,,
TSMixer,ETTm1,scale,0.1,1.05660,0.00297,9,,
TSMixer,ETTm1,scale,0.25,1.24268,0.02550,9,,
TSMixer,ETTm1,scale,0.5,1.82264,0.11280,9,,
TSMixer,ETTm1,shift,0.5,1.81554,0.14603,9,,
TSMixer,ETTm1,shift,1.0,4.29367,0.54659,9,,
TSMixer,ETTm1,shift,2.0,14.23772,2.11372,9,,
TSMixer,ETTm1,spike,0.01,1.15213,0.04747,9,,
TSMixer,ETTm1,spike,0.03,1.45975,0.14256,9,,
TSMixer,ETTm1,spike,0.05,1.77017,0.23156,9,,
TSMixer,ETTm2,dead,1,1.73391,0.58271,9,0.99773,0.00523
TSMixer,ETTm2,dead,2,4.21131,1.77193,9,0.99851,0.00745
TSMixer,ETTm2,gauss,0.1,1.00617,0.00446,9,,
TSMixer,ETTm2,gauss,0.25,1.04284,0.01524,9,,
TSMixer,ETTm2,gauss,0.5,1.17870,0.05548,9,,
TSMixer,ETTm2,gauss,1.0,1.74029,0.21152,9,,
TSMixer,ETTm2,mask,16,1.68267,0.30547,9,,
TSMixer,ETTm2,mask,48,2.16566,0.37473,9,,
TSMixer,ETTm2,mask,96,2.26858,0.34770,9,,
TSMixer,ETTm2,scale,0.1,1.13128,0.02734,9,,
TSMixer,ETTm2,scale,0.25,1.67045,0.18001,9,,
TSMixer,ETTm2,scale,0.5,3.48169,0.73520,9,,
TSMixer,ETTm2,shift,0.5,2.18346,0.35068,9,,
TSMixer,ETTm2,shift,1.0,5.70018,1.43760,9,,
TSMixer,ETTm2,shift,2.0,19.73335,5.82098,9,,
TSMixer,ETTm2,spike,0.01,1.30157,0.09450,9,,
TSMixer,ETTm2,spike,0.03,1.93845,0.27820,9,,
TSMixer,ETTm2,spike,0.05,2.58439,0.45139,9,,
TSMixer,Weather,dead,1,1.09784,0.05339,9,1.00019,0.00028
TSMixer,Weather,dead,2,1.18543,0.10198,9,1.00044,0.00055
TSMixer,Weather,gauss,0.1,1.00273,0.00147,9,,
TSMixer,Weather,gauss,0.25,1.01728,0.00871,9,,
TSMixer,Weather,gauss,0.5,1.07474,0.03604,9,,
TSMixer,Weather,gauss,1.0,1.31497,0.15018,9,,
TSMixer,Weather,mask,16,1.08095,0.07460,9,,
TSMixer,Weather,mask,48,1.11482,0.08773,9,,
TSMixer,Weather,mask,96,1.11675,0.09481,9,,
TSMixer,Weather,scale,0.1,1.05470,0.00067,9,,
TSMixer,Weather,scale,0.25,1.21755,0.02653,9,,
TSMixer,Weather,scale,0.5,1.70446,0.14572,9,,
TSMixer,Weather,shift,0.5,2.12465,0.29638,9,,
TSMixer,Weather,shift,1.0,5.42757,1.22896,9,,
TSMixer,Weather,shift,2.0,18.56818,5.00368,9,,
TSMixer,Weather,spike,0.01,1.12830,0.05897,9,,
TSMixer,Weather,spike,0.03,1.40252,0.18780,9,,
TSMixer,Weather,spike,0.05,1.68038,0.32247,9,,